o,h,l,c,volume
1.09942,1.10046,1.09924,1.10002,2584
1.10002,1.1008200000000001,1.09988,1.10012,3922
1.10014,1.10045,1.09914,1.09956,6915
1.09958,1.10341,1.09952,1.10341,10135
1.1034,1.10532,1.10291,1.10448,8809
1.10446,1.1045,1.1026,1.10342,6938
1.1034,1.1042299999999998,1.0986200000000002,1.09938,8767
1.09938,1.10002,1.0985200000000002,1.0987200000000001,8773
1.09874,1.09931,1.09684,1.09869,11327
1.0987,1.09884,1.0951,1.09664,11693
1.0966200000000002,1.09902,1.09548,1.09843,15533
1.0984399999999999,1.1007799999999999,1.09788,1.10004,14839
1.10002,1.10089,1.09952,1.1001299999999998,8165
1.10012,1.10058,1.09903,1.10006,5702
1.10004,1.1033,1.09909,1.10289,9665
1.1029,1.1046200000000002,1.1025399999999999,1.10379,6570
1.10378,1.1043,1.1024,1.10277,2452
1.10446,1.10486,1.10396,1.10467,351
1.10471,1.1074,1.1047,1.1051799999999998,3823
1.1052,1.1064,1.10364,1.1063399999999999,3897
1.10636,1.1065,1.10522,1.10566,4799
1.10568,1.10635,1.10552,1.10568,3239
1.10568,1.10622,1.1051799999999998,1.10527,2509
1.1052600000000001,1.10588,1.10479,1.1052799999999998,2223
1.10527,1.1052799999999998,1.1042,1.10433,1800
1.10433,1.10484,1.10384,1.1042,3942
1.10418,1.10786,1.10396,1.1063399999999999,10207
1.10636,1.10931,1.10602,1.10846,12230
1.10846,1.1086799999999999,1.1063,1.10796,11018
1.10796,1.10927,1.10774,1.1085,7431
1.10848,1.11196,1.10818,1.1118700000000001,9170
1.11188,1.11283,1.1099700000000001,1.11123,11093
1.11124,1.11648,1.1109200000000001,1.1122,15666
1.1122100000000001,1.11374,1.11079,1.11256,15774
1.11258,1.11466,1.11121,1.11312,18161
1.1131,1.1165200000000002,1.11247,1.11632,13767
1.1163100000000001,1.11848,1.11612,1.1179700000000001,8470
1.11796,1.11837,1.1162,1.11636,4804
1.11638,1.11666,1.11563,1.11639,3915
1.11638,1.11638,1.1127,1.11356,4918
1.11354,1.11404,1.11238,1.11327,2509
1.11334,1.11391,1.1127799999999999,1.11388,578
1.11385,1.1147799999999999,1.11382,1.1144399999999999,1570
1.11446,1.1145,1.11323,1.1132600000000001,1757
1.1132799999999998,1.11382,1.11204,1.11322,2672
1.11321,1.11463,1.1128799999999999,1.11406,2625
1.11406,1.11418,1.11332,1.1134600000000001,1506
1.11344,1.11556,1.11327,1.11446,2635
1.11446,1.1151,1.11425,1.1145100000000001,1763
1.1145,1.1151200000000001,1.11422,1.11456,2793
1.11458,1.1147200000000002,1.11152,1.11202,7457
1.11204,1.11316,1.11068,1.11104,7758
1.11106,1.11294,1.11002,1.11268,8308
1.11266,1.1139,1.1110200000000001,1.1112600000000001,6738
1.1112799999999998,1.11198,1.11064,1.11138,6252
1.11137,1.11344,1.11046,1.11178,12666
1.1118,1.1125200000000002,1.10954,1.11192,13542
1.1119299999999999,1.11289,1.11156,1.11256,9423
1.11258,1.1213899999999999,1.11258,1.118,29619
1.11799,1.11814,1.1141,1.11748,15721
1.1174600000000001,1.11774,1.1147200000000002,1.1159,8540
1.11591,1.11874,1.11585,1.1185,6479
1.1185,1.11952,1.11741,1.1176,11283
1.11761,1.11842,1.11716,1.11806,5112
1.11805,1.11824,1.11675,1.1172799999999998,1711
1.1172799999999998,1.11782,1.1168799999999999,1.11706,269
1.11711,1.11853,1.11711,1.11766,1282
1.11768,1.11799,1.11686,1.1172799999999998,1919
1.11729,1.1174600000000001,1.11622,1.1166399999999999,2104
1.11666,1.1171200000000001,1.11614,1.11655,1591
1.11653,1.11668,1.11598,1.1161,1695
1.1161,1.1163399999999999,1.11554,1.11612,1100
1.11612,1.11638,1.11564,1.1157,956
1.1157,1.11586,1.1143399999999999,1.11535,2395
1.11534,1.116,1.11449,1.11596,5851
1.11594,1.11876,1.11586,1.1165100000000001,9725
1.11649,1.11727,1.1152,1.11569,6309
1.1156700000000002,1.1167200000000002,1.11362,1.11366,7763
1.11368,1.1154899999999999,1.11366,1.11476,5143
1.11477,1.1148,1.11096,1.1112,7047
1.11122,1.11329,1.11122,1.1125399999999999,6610
1.11255,1.1127200000000002,1.10955,1.11184,9808
1.1118,1.11425,1.11004,1.11394,13499
1.11395,1.1145399999999999,1.11224,1.1129200000000001,8505
1.11291,1.11332,1.11194,1.11236,4557
1.11236,1.11374,1.1123399999999999,1.11316,3185
1.1131799999999998,1.1142299999999998,1.1128799999999999,1.1139,3487
1.11392,1.1142299999999998,1.1131799999999998,1.11372,2748
1.11372,1.1138299999999999,1.11309,1.11356,1044
1.11362,1.11362,1.11313,1.1133600000000001,156
1.11338,1.11399,1.11331,1.1138299999999999,853
1.11385,1.11427,1.11329,1.11376,1749
1.11378,1.11385,1.11338,1.1137,1210
1.1137,1.11432,1.1137,1.1142,756
1.1142100000000001,1.11437,1.11374,1.11384,750
1.11384,1.11392,1.1135899999999999,1.11386,563
1.11384,1.11402,1.1134,1.1134700000000002,610
1.1134600000000001,1.1139,1.11314,1.1132799999999998,1437
1.11329,1.11396,1.11196,1.11232,3850
1.1123299999999998,1.11401,1.11218,1.11372,6983
1.1137,1.11742,1.11321,1.11734,7211
1.11733,1.11776,1.11628,1.11701,5896
1.117,1.11838,1.11566,1.1183299999999998,6655
1.11832,1.12002,1.11794,1.11886,7778
1.11887,1.11988,1.11794,1.11868,9012
1.11866,1.12014,1.11779,1.1190799999999999,9165
1.11906,1.11972,1.1167,1.1187799999999999,11570
1.1188,1.1205200000000002,1.11792,1.12018,8273
1.1202,1.1216700000000002,1.1184399999999999,1.12142,7619
1.12143,1.1218,1.11976,1.1199700000000001,5123
1.11996,1.1204,1.1192,1.12005,3705
1.12004,1.123,1.1193799999999998,1.1228200000000002,5780
1.12284,1.1245,1.12248,1.12362,2782
1.12399,1.12399,1.1228,1.12314,747
1.12316,1.12386,1.12224,1.12226,965
1.12226,1.1228200000000002,1.12116,1.1220299999999999,2628
1.12201,1.1246399999999999,1.12188,1.12457,2357
1.12458,1.1248799999999999,1.12303,1.1232,3108
1.12322,1.12343,1.1226200000000002,1.12337,1858
1.1233600000000001,1.12391,1.1229799999999999,1.12309,1582
1.12307,1.12366,1.1228200000000002,1.12285,1294
1.12286,1.12372,1.12192,1.1228200000000002,3865
1.1228,1.12379,1.12238,1.12343,6511
1.12342,1.12786,1.1229,1.12724,13529
1.12725,1.1295600000000001,1.1268200000000002,1.1294,11291
1.12941,1.1324299999999998,1.12929,1.13165,17348
1.13166,1.13408,1.13116,1.13326,13322
1.13324,1.13324,1.1305399999999999,1.13162,9962
1.13164,1.1337899999999999,1.13055,1.13228,14222
1.13229,1.1354799999999998,1.1318,1.1349200000000002,18729
1.13494,1.13547,1.1287399999999999,1.131,26307
1.13099,1.13304,1.13058,1.13194,11293
1.13196,1.1328,1.12883,1.1305399999999999,8147
1.13056,1.13116,1.12906,1.12986,8309
1.12984,1.1319,1.1293799999999998,1.13178,7259
1.13178,1.1326,1.13008,1.1306100000000001,11457
1.1306,1.13113,1.12835,1.12839,1786
1.1351,1.1356899999999999,1.1335600000000001,1.13517,594
1.13511,1.13954,1.13401,1.1387,5813
1.1387200000000002,1.13964,1.13668,1.13878,5353
1.13876,1.13876,1.1359,1.13599,4705
1.13601,1.14963,1.1356,1.1428399999999999,9508
1.14286,1.14612,1.1386399999999999,1.13982,8136
1.13984,1.14276,1.1371200000000001,1.14165,5321
1.14162,1.14234,1.1397700000000002,1.14012,3285
1.14011,1.1425299999999998,1.13812,1.1382,2919
1.13819,1.14094,1.1381700000000001,1.13999,5572
1.14005,1.1475600000000001,1.14004,1.14388,14741
1.1439,1.14402,1.139,1.14024,14778
1.1402299999999999,1.14066,1.13655,1.13915,11383
1.13913,1.14392,1.1390200000000001,1.14242,9857
1.14244,1.14296,1.1409200000000002,1.1425,10724
1.1425100000000001,1.14388,1.1403,1.1435799999999998,13618
1.14357,1.14847,1.13763,1.1401,19851
1.14008,1.1447,1.13998,1.1434600000000001,23678
1.1434799999999998,1.1446399999999999,1.14121,1.14198,14831
1.14199,1.14735,1.14141,1.1470799999999999,14403
1.14707,1.1479,1.14432,1.14628,12588
1.1463,1.1473200000000001,1.14273,1.14616,13364
1.14614,1.14666,1.1436,1.14525,8473
1.14524,1.1466,1.14336,1.144,4496
1.144,1.14567,1.14211,1.14534,1033
1.1453,1.14584,1.14342,1.14384,2624
1.14386,1.1439,1.1395,1.13994,3574
1.13992,1.14254,1.1377,1.1385399999999999,5844
1.13852,1.1414,1.13719,1.14069,5467
1.1407,1.14142,1.13972,1.14096,2336
1.1409799999999999,1.1414600000000001,1.13893,1.13951,2575
1.13949,1.13992,1.13742,1.13753,3343
1.13755,1.13768,1.13323,1.13415,5577
1.13414,1.1373799999999998,1.13388,1.13408,9582
1.13406,1.13868,1.1337899999999999,1.13818,15494
1.1382,1.14014,1.1358,1.13602,15889
1.13604,1.13733,1.13434,1.13515,12786
1.13517,1.13571,1.1336,1.13533,12131
1.13532,1.1366399999999999,1.13456,1.136,13003
1.13602,1.1389799999999999,1.1354600000000001,1.13802,17841
1.138,1.13944,1.13666,1.1372200000000001,17809
1.1372,1.1377,1.1350200000000001,1.13709,16038
1.1370799999999999,1.1386,1.13372,1.13418,23066
1.13416,1.13588,1.12966,1.1306100000000001,25661
1.13059,1.13277,1.13032,1.13162,17555
1.1316,1.13311,1.12858,1.12944,17123
1.12942,1.13025,1.1274899999999999,1.13004,15510
1.13005,1.1307399999999999,1.12792,1.12808,4194
1.12808,1.12961,1.12781,1.12932,636
1.1293600000000001,1.131,1.12876,1.13089,1690
1.13087,1.13235,1.13002,1.13141,1917
1.13142,1.13256,1.13018,1.1318700000000002,3840
1.13188,1.13286,1.1309799999999999,1.1324,3465
1.13242,1.13284,1.13162,1.13246,2509
1.13248,1.13386,1.13194,1.13295,3109
1.13294,1.13388,1.1328200000000002,1.13376,2010
1.1337700000000002,1.1351799999999999,1.13374,1.1351,3182
1.1350799999999999,1.1365399999999999,1.13442,1.13638,7499
1.1364,1.13667,1.1327,1.1328799999999999,15482
1.13286,1.13334,1.13093,1.13134,15327
1.13133,1.1333600000000001,1.13015,1.1304,13361
1.13039,1.13291,1.13038,1.1327,10738
1.1327200000000002,1.13391,1.1323,1.13291,9662
1.1329200000000001,1.13516,1.13256,1.13391,13274
1.13392,1.1352,1.13309,1.1345,11692
1.13448,1.13485,1.13068,1.1307,14919
1.13069,1.1309200000000001,1.12575,1.12802,17096
1.128,1.12809,1.12604,1.12687,12952
1.12686,1.12886,1.12667,1.12847,11757
1.12846,1.1288,1.1271799999999998,1.1281700000000001,10072
1.12818,1.12829,1.1268799999999999,1.12729,11637
1.1272799999999998,1.12798,1.12686,1.12697,2383
1.12697,1.12697,1.12511,1.12605,574
1.12601,1.12666,1.12547,1.1259,1289
1.12591,1.1263100000000001,1.12544,1.12616,1257
1.12614,1.12764,1.12596,1.12716,2026
1.12715,1.1333799999999998,1.12666,1.13194,10825
1.13192,1.13319,1.13059,1.1321299999999999,6040
1.13212,1.13212,1.13078,1.1313,2443
1.13131,1.13134,1.12856,1.1296,3613
1.12962,1.12992,1.12914,1.12932,2044
1.12932,1.1297700000000002,1.12856,1.12926,4740
1.1292799999999998,1.13198,1.1289200000000001,1.13119,12842
1.13117,1.1313,1.1254,1.12676,13176
1.12678,1.12779,1.12374,1.12445,9914
1.12446,1.12458,1.12274,1.12337,9599
1.1233600000000001,1.1243,1.12116,1.12373,8773
1.12374,1.13015,1.11981,1.1215700000000002,25419
1.12155,1.1253600000000001,1.1210799999999999,1.12392,17786
1.1239,1.1239,1.11312,1.11446,26995
1.11448,1.1148799999999999,1.10804,1.10819,25390
1.10818,1.1164399999999999,1.10554,1.1146,21949
1.11458,1.11964,1.1144399999999999,1.11856,19769
1.11858,1.12168,1.1163399999999999,1.11776,12113
1.11778,1.12021,1.1170799999999999,1.11808,7936
1.1181,1.1226399999999999,1.1160299999999999,1.11858,5015
1.11858,1.1208799999999999,1.1162,1.1168200000000001,707
1.1169,1.1187200000000002,1.1168,1.1176700000000002,3018
1.1177,1.1188799999999999,1.11752,1.11826,1034
1.11828,1.1183,1.11524,1.11667,5204
1.1167,1.11886,1.1166,1.11868,3045
1.11866,1.12076,1.11768,1.1207200000000002,4533
1.1207,1.12179,1.11901,1.1213600000000001,5043
1.1213799999999998,1.1221299999999998,1.1205100000000001,1.12191,3085
1.12189,1.12206,1.1195,1.12026,4133
1.12024,1.12096,1.11904,1.11986,6625
1.11988,1.12086,1.11624,1.1182,14466
1.11818,1.12144,1.1175899999999999,1.12077,9420
1.12075,1.1207799999999999,1.1161,1.1165200000000002,6208
1.1165399999999999,1.11732,1.11533,1.1159299999999999,6123
1.11592,1.11755,1.11396,1.1155,7661
1.11548,1.11866,1.11093,1.1110200000000001,18206
1.11103,1.11274,1.1103399999999999,1.11242,16221
1.1124,1.11334,1.1098,1.1108,13745
1.11079,1.11202,1.1066200000000002,1.1069799999999999,12665
1.10699,1.1087799999999999,1.1055,1.1081,17495
1.10812,1.1107,1.1057700000000001,1.10811,13216
1.10809,1.1102100000000001,1.1063,1.10687,9750
1.10685,1.11151,1.1057700000000001,1.11135,6980
1.11133,1.11174,1.10806,1.1105399999999999,4136
1.1069200000000001,1.11996,1.1069200000000001,1.11909,2377
1.11914,1.1199,1.11411,1.11582,7171
1.11586,1.11944,1.11513,1.11572,6367
1.11568,1.11693,1.11166,1.1118,8575
1.11182,1.11222,1.1085399999999999,1.11022,5560
1.11024,1.1108200000000001,1.1088799999999999,1.11032,3150
1.1103,1.11291,1.10911,1.11246,3394
1.1124399999999999,1.11337,1.11096,1.11334,2436
1.11332,1.1134600000000001,1.11084,1.11184,4088
1.1118700000000001,1.1154,1.11172,1.11402,12688
1.11404,1.11819,1.11286,1.1177,19075
1.11772,1.12296,1.1168,1.1226,20597
1.12261,1.1236700000000002,1.119,1.1193,12161
1.11929,1.12086,1.11424,1.11657,14155
1.11658,1.11866,1.11507,1.11863,11633
1.11865,1.1200700000000001,1.1154600000000001,1.1166,24876
1.1166200000000002,1.11686,1.11099,1.11493,29609
1.11491,1.11596,1.11014,1.11024,21855
1.1102299999999998,1.1145399999999999,1.10944,1.11372,11253
1.1137,1.1163399999999999,1.11364,1.11616,10677
1.11614,1.11778,1.11457,1.1159299999999999,11424
1.11592,1.11776,1.11513,1.11701,6649
1.1170200000000001,1.11758,1.11524,1.11756,7778
1.11758,1.1186399999999999,1.11676,1.11827,1759
1.11827,1.11837,1.11601,1.11794,491
1.11799,1.11806,1.11656,1.11684,1581
1.11686,1.11764,1.11585,1.11636,2976
1.1163399999999999,1.1172600000000001,1.11596,1.1171200000000001,4542
1.1171,1.11734,1.1160299999999999,1.11694,4531
1.11696,1.11894,1.11655,1.1173799999999998,5904
1.1173600000000001,1.11859,1.11686,1.11794,5155
1.11792,1.11856,1.11758,1.11794,3754
1.11795,1.11815,1.1168200000000001,1.11687,2172
1.11686,1.11745,1.11575,1.11604,10432
1.11606,1.11616,1.1128799999999999,1.11378,15337
1.11379,1.1145399999999999,1.1110200000000001,1.1111,11615
1.1110799999999998,1.11191,1.10925,1.10938,10316
1.1093600000000001,1.10952,1.10253,1.1028200000000001,10200
1.1028,1.10392,1.1,1.10128,9047
1.10127,1.10179,1.09732,1.09887,22127
1.0988799999999999,1.1011,1.09768,1.0995,13880
1.0994899999999999,1.10154,1.09548,1.09709,30136
1.09711,1.09924,1.09581,1.09711,18557
1.09713,1.09992,1.0964,1.0966200000000002,13739
1.09664,1.09895,1.09586,1.09884,10735
1.09883,1.10207,1.09804,1.10004,7235
1.10005,1.10125,1.09836,1.10018,6648
1.10019,1.1010799999999998,1.0989,1.0997,1989
1.0997,1.10127,1.09964,1.10076,633
1.1008,1.1023,1.1008,1.1016,1202
1.10162,1.1022399999999999,1.10112,1.10164,2523
1.10166,1.10174,1.09911,1.09927,4527
1.09925,1.10091,1.0985,1.10006,3433
1.1000299999999998,1.10196,1.09992,1.1011,2758
1.10112,1.1028200000000001,1.1011,1.1027799999999999,5469
1.10276,1.10331,1.10247,1.1030799999999998,2956
1.10306,1.10453,1.10306,1.10392,3167
1.10392,1.1039299999999999,1.10028,1.10035,9186
1.10037,1.1018700000000001,1.0966200000000002,1.09686,16565
1.09684,1.09932,1.09556,1.09728,22323
1.0972600000000001,1.10166,1.0971600000000001,1.09955,14835
1.09958,1.10178,1.0991600000000001,1.10002,20702
1.10001,1.10054,1.0968200000000001,1.09774,12136
1.09775,1.0985,1.0928200000000001,1.09304,14100
1.0930600000000001,1.0947,1.08946,1.09084,17390
1.09086,1.09285,1.08626,1.0868,17704
1.0867799999999999,1.08781,1.0830799999999998,1.0832899999999999,19165
1.0832700000000002,1.08512,1.08074,1.08092,15969
1.08091,1.0852700000000002,1.08018,1.0847799999999999,13208
1.0848,1.08886,1.08202,1.0872700000000002,14037
1.0872899999999999,1.09004,1.08532,1.08988,11026
1.08986,1.0919299999999998,1.08972,1.09158,2895
1.09153,1.09179,1.09086,1.09132,269
1.09136,1.09352,1.09028,1.09336,1790
1.0933899999999999,1.09817,1.09321,1.09448,6324
1.0945,1.0949799999999998,1.08986,1.0901100000000001,7222
1.09009,1.09204,1.0886200000000001,1.0909200000000001,4911
1.0909,1.09188,1.08782,1.0881399999999999,5637
1.08817,1.0912600000000001,1.08797,1.08978,4780
1.08976,1.09066,1.08869,1.08966,3074
1.08968,1.09075,1.08946,1.09017,3534
1.09017,1.09477,1.08996,1.09248,7941
1.0925,1.09364,1.0845200000000002,1.0848,25720
1.0848200000000001,1.089,1.08136,1.08376,14999
1.08372,1.08691,1.08191,1.0824,8493
1.08241,1.08266,1.07829,1.0783,8026
1.0783200000000002,1.08059,1.07322,1.07495,16450
1.07494,1.08402,1.07259,1.07989,35788
1.07986,1.08346,1.07831,1.08041,34155
1.08043,1.08186,1.0782200000000002,1.07951,23900
1.07952,1.08006,1.06954,1.06994,25509
1.06996,1.07158,1.06606,1.0663200000000002,23742
1.06634,1.0705,1.06551,1.0684200000000001,15312
1.0684,1.06985,1.06579,1.06679,11221
1.06681,1.06922,1.06606,1.06797,10532
1.06795,1.07059,1.06756,1.06926,2976
1.06922,1.07,1.0655,1.06606,964
1.06602,1.06708,1.06554,1.06654,1244
1.06657,1.0668799999999998,1.0654700000000001,1.06548,2342
1.0655,1.06739,1.0652700000000002,1.06643,4519
1.06645,1.0744200000000002,1.0663,1.07196,6371
1.0719299999999998,1.07497,1.07094,1.07352,7052
1.07354,1.07443,1.0716700000000001,1.07355,6638
1.0735299999999999,1.07649,1.07275,1.07649,11292
1.07651,1.07692,1.0742,1.0753,8659
1.07532,1.07802,1.0742,1.07598,13573
1.0760100000000001,1.08312,1.07436,1.08146,19532
1.08148,1.08148,1.0775,1.07874,18062
1.07876,1.0790799999999998,1.07146,1.0721,15747
1.07212,1.07584,1.0706200000000001,1.0737,14282
1.07372,1.074,1.06966,1.0711,12813
1.07112,1.07606,1.0701,1.0709600000000001,16015
1.07094,1.07206,1.06779,1.06934,14749
1.0693,1.07499,1.06912,1.07202,15272
1.0720399999999999,1.07484,1.0663799999999999,1.0684200000000001,15562
1.0683799999999999,1.07136,1.06544,1.06608,15498
1.0661,1.0695,1.0653299999999999,1.06669,11510
1.0666799999999999,1.0668,1.06386,1.0654700000000001,11847
1.0655,1.06729,1.06377,1.0666200000000001,15219
1.0666,1.07037,1.0663,1.06964,2748
1.07077,1.0709799999999998,1.06941,1.06979,247
1.06971,1.07055,1.0636,1.0659399999999999,4107
1.06592,1.0703799999999999,1.06588,1.06893,10396
1.0689,1.0706,1.06584,1.06789,7495
1.06786,1.0721100000000001,1.0669600000000001,1.07178,4480
1.07176,1.073,1.07126,1.07294,3449
1.07292,1.07302,1.0712,1.0714299999999999,6417
1.07144,1.07374,1.07144,1.07358,4568
1.0735700000000001,1.07562,1.07284,1.07502,6119
1.075,1.0768799999999998,1.0716,1.0747799999999998,6935
1.07481,1.07541,1.0689600000000001,1.0693,18002
1.06932,1.07102,1.06894,1.0707799999999998,14823
1.07077,1.0708,1.06738,1.06836,10431
1.06837,1.06998,1.06673,1.06918,9473
1.0691899999999999,1.06988,1.06664,1.06856,10248
1.06854,1.0802399999999999,1.06836,1.0779,29718
1.07789,1.0806799999999999,1.07348,1.07936,22483
1.07934,1.08284,1.07659,1.08044,13414
1.08046,1.08124,1.07511,1.07588,14411
1.0759100000000001,1.07694,1.07239,1.07502,14445
1.07501,1.0780399999999999,1.07476,1.07508,13379
1.0751,1.07544,1.07239,1.07304,8817
1.0730600000000001,1.0749600000000001,1.07236,1.0725799999999999,8426
1.07259,1.07382,1.072,1.07264,2018
1.07264,1.0732899999999999,1.0723,1.07263,148
1.0726799999999999,1.07518,1.07253,1.0746,895
1.07463,1.0765799999999999,1.0744,1.07635,2055
1.07638,1.0810799999999998,1.0752,1.07961,4088
1.07962,1.08229,1.07877,1.0794,4560
1.07938,1.08184,1.0791600000000001,1.08115,3156
1.08113,1.0817,1.07925,1.08008,3052
1.08006,1.08091,1.0787,1.0789,3733
1.0788799999999998,1.07986,1.0775700000000001,1.07789,2871
1.0779100000000001,1.0866200000000001,1.07778,1.0834700000000002,10664
1.08349,1.0847,1.0821399999999999,1.08302,13648
1.083,1.0848,1.0807799999999999,1.08254,9292
1.08256,1.08584,1.08144,1.0854,6480
1.0853899999999999,1.08846,1.08491,1.08818,7393
1.0882,1.0888,1.08494,1.0865200000000002,8218
1.08654,1.08686,1.0812,1.0822399999999999,20495
1.08226,1.08538,1.07884,1.08126,17909
1.08128,1.08205,1.07692,1.07846,15475
1.0784799999999999,1.08026,1.07704,1.07952,14135
1.0795299999999999,1.08212,1.07758,1.0790600000000001,12537
1.0790799999999998,1.0793,1.07532,1.07566,7575
1.07568,1.07728,1.07504,1.07588,5897
1.07586,1.07742,1.0746,1.0771600000000001,4886
1.07714,1.07994,1.0765799999999999,1.07886,2048
1.07886,1.07903,1.0766,1.07864,1187
1.0786,1.08151,1.07816,1.0812,1228
1.08122,1.08151,1.07974,1.07984,1681
1.07986,1.08025,1.07605,1.07873,5049
1.07871,1.08089,1.07844,1.0807,4101
1.08071,1.0824,1.07992,1.08236,2863
1.08235,1.08236,1.0807,1.08094,2997
1.08092,1.08138,1.08035,1.0812,2384
1.08118,1.08182,1.07924,1.08168,4414
1.0817,1.0823399999999999,1.0806799999999999,1.08166,5912
1.08168,1.08406,1.08056,1.08071,8528
1.0807,1.08431,1.07931,1.08336,12676
1.08338,1.08495,1.0828200000000001,1.0843200000000002,9203
1.0843399999999999,1.0848200000000001,1.08054,1.0806200000000001,11052
1.0806,1.08285,1.07997,1.0810799999999998,9565
1.0811,1.08264,1.07996,1.082,11768
1.08198,1.08324,1.07972,1.07988,13421
1.07987,1.08155,1.0797,1.08054,12868
1.08056,1.08384,1.07851,1.0835,13612
1.08352,1.08574,1.08274,1.085,12869
1.08499,1.08693,1.08408,1.08608,8536
1.08606,1.0881399999999999,1.08565,1.0866799999999999,6527
1.0867,1.08894,1.08665,1.08839,6225
1.0884,1.0894,1.0879299999999998,1.08822,2063
1.08822,1.08847,1.08734,1.08816,331
1.08822,1.08904,1.08702,1.0881299999999998,1177
1.08815,1.08896,1.0878,1.08884,1478
1.08886,1.0933899999999999,1.08748,1.09215,4350
1.0921399999999999,1.09218,1.09008,1.0907,3143
1.0907200000000001,1.09148,1.08922,1.09146,2322
1.0914700000000002,1.09198,1.09089,1.09172,2720
1.09174,1.09194,1.09065,1.09065,1568
1.09063,1.09198,1.09053,1.09089,1912
1.09089,1.09154,1.08969,1.09012,2636
1.09009,1.0929,1.08982,1.0925200000000002,11448
1.0925,1.09447,1.09155,1.0938,11522
1.09378,1.09511,1.09261,1.09464,10633
1.0946200000000001,1.09572,1.09376,1.09538,7881
1.0953899999999999,1.09784,1.0953600000000001,1.09596,8349
1.09598,1.0977,1.09276,1.09724,16338
1.09722,1.0989799999999998,1.0949,1.09751,17535
1.09752,1.09927,1.09532,1.0991799999999998,15081
1.0991600000000001,1.10286,1.0986,1.10247,16082
1.10246,1.10448,1.1008200000000001,1.10435,12300
1.10437,1.1044399999999999,1.10198,1.1024100000000001,8481
1.1024,1.1043100000000001,1.10184,1.1042399999999999,6871
1.10422,1.10541,1.10258,1.1053600000000001,6993
1.10535,1.10588,1.1031,1.10325,2714
1.10325,1.1033,1.10238,1.103,192
1.10295,1.10412,1.10233,1.10354,1035
1.10356,1.10591,1.10355,1.1047799999999999,1874
1.10479,1.10486,1.1025200000000002,1.1037700000000001,3662
1.10378,1.1049,1.10306,1.1031,3586
1.1030799999999998,1.10648,1.1028200000000001,1.10643,2616
1.1064100000000001,1.1087,1.10586,1.10794,4391
1.10792,1.10792,1.10582,1.1058299999999999,3710
1.10584,1.10738,1.10552,1.1072799999999998,2416
1.1072799999999998,1.1074,1.10356,1.1047799999999999,5139
1.10476,1.10545,1.10086,1.10217,10541
1.10218,1.10408,1.1001,1.1011799999999998,11104
1.10119,1.10191,1.09934,1.10022,11762
1.1002399999999999,1.10199,1.0990799999999998,1.10158,10128
1.10156,1.10315,1.10043,1.10061,9462
1.1006200000000002,1.1014,1.09762,1.0986200000000002,9721
1.0986,1.0987799999999999,1.0953600000000001,1.0982,12149
1.09822,1.10103,1.09794,1.10061,12829
1.1006,1.1059700000000001,1.10001,1.10589,14366
1.1059,1.1091600000000001,1.1052799999999998,1.10784,12363
1.10782,1.1102299999999998,1.1064200000000002,1.1098299999999999,8120
1.10982,1.1122,1.10911,1.11182,6960
1.1118,1.11296,1.1114,1.11228,8943
1.1123,1.11476,1.11202,1.11415,2148
1.11194,1.11316,1.11094,1.1123100000000001,294
1.11236,1.11296,1.1107200000000002,1.1110200000000001,1336
1.11104,1.11448,1.11056,1.11368,1991
1.1137,1.11386,1.10905,1.1105200000000002,4339
1.1105,1.11178,1.10922,1.1096,3472
1.10961,1.1097,1.10856,1.10935,2208
1.10934,1.10934,1.10795,1.10804,1720
1.10802,1.10866,1.1068799999999999,1.10816,2505
1.10814,1.11024,1.10704,1.11008,3750
1.11006,1.1106200000000002,1.10607,1.10624,8161
1.10626,1.1088799999999999,1.10608,1.10829,9701
1.1083,1.10919,1.10676,1.1091799999999998,9291
1.1091600000000001,1.1096,1.1065,1.10696,8047
1.10697,1.10733,1.10562,1.10676,6632
1.10677,1.10714,1.10456,1.10606,6952
1.10608,1.10626,1.10128,1.10154,8953
1.10152,1.1036299999999999,1.101,1.1031799999999998,11402
1.1031600000000001,1.10438,1.10194,1.10296,13549
1.10295,1.1046,1.10113,1.1017,9300
1.10169,1.10251,1.10111,1.1019700000000001,6332
1.10196,1.1024,1.1011600000000001,1.10186,4188
1.10184,1.10422,1.10168,1.1026799999999999,4781
1.10269,1.10534,1.10256,1.1053,4399
1.10532,1.10558,1.10366,1.10464,1875
1.10464,1.10535,1.10205,1.10486,965
1.10481,1.10513,1.10398,1.10418,633
1.1042,1.1042,1.10247,1.1029200000000001,1679
1.10294,1.1043,1.0984,1.10132,5133
1.10134,1.1025399999999999,1.10008,1.10164,6159
1.10165,1.1032,1.1011799999999998,1.10264,2754
1.1026200000000002,1.10332,1.10189,1.10266,2136
1.10265,1.1027799999999999,1.10141,1.10164,1870
1.10165,1.10206,1.1007799999999999,1.1018700000000001,2194
1.10186,1.1025200000000002,1.0991,1.10016,6801
1.10015,1.10066,1.09912,1.09965,8937
1.0996700000000001,1.10027,1.09784,1.09792,8218
1.0979,1.09902,1.0967,1.09764,8524
1.09762,1.09802,1.09479,1.0948799999999999,8006
1.0949,1.096,1.09267,1.09521,10043
1.0951899999999999,1.0979299999999999,1.09441,1.09722,13777
1.0972,1.09764,1.09533,1.0953600000000001,11771
1.09538,1.0994700000000002,1.09427,1.0971,19669
1.09712,1.10274,1.09679,1.10144,17588
1.10142,1.1018299999999999,1.09676,1.09711,9853
1.09709,1.10097,1.09649,1.1002399999999999,9164
1.10022,1.10214,1.09959,1.10198,8756
1.102,1.10322,1.1003,1.1032,6659
1.1031799999999998,1.10372,1.10168,1.1033600000000001,2531
1.1033600000000001,1.1038700000000001,1.1029799999999998,1.1030200000000001,108
1.10306,1.10368,1.10228,1.1023,852
1.10232,1.10376,1.1023,1.1026200000000002,1244
1.10264,1.10364,1.1022399999999999,1.10315,2993
1.10317,1.10332,1.10093,1.10156,3039
1.10154,1.10286,1.1006,1.10248,2778
1.10246,1.10312,1.10162,1.10196,2104
1.10194,1.1029200000000001,1.10154,1.10166,1517
1.10164,1.10334,1.10156,1.10245,2865
1.10246,1.1026799999999999,1.09815,1.0983100000000001,7452
1.0983,1.09922,1.09584,1.09598,10023
1.09597,1.0968,1.09312,1.0957,9748
1.09572,1.0959299999999998,1.09168,1.09336,8573
1.09334,1.09465,1.0930799999999998,1.0943,5790
1.09428,1.09491,1.09271,1.0941,6762
1.09408,1.09426,1.09208,1.0929799999999998,9279
1.093,1.0933700000000002,1.09205,1.09302,9502
1.093,1.09419,1.09185,1.09212,11906
1.0921299999999998,1.0942399999999999,1.09168,1.0933,8220
1.09331,1.09379,1.09222,1.09254,4688
1.0925200000000002,1.09256,1.09027,1.092,6335
1.09198,1.0940299999999998,1.0919,1.09296,4867
1.09294,1.0958,1.09286,1.09479,5759
1.0947799999999999,1.09699,1.09466,1.0963200000000002,3121
1.0963200000000002,1.0968200000000001,1.09429,1.09464,348
1.0946799999999999,1.09596,1.09464,1.09562,758
1.09564,1.09564,1.0946,1.0951600000000001,1200
1.09517,1.0953,1.0939,1.09429,1972
1.09428,1.0959,1.09407,1.09407,2046
1.09408,1.09454,1.09328,1.09344,1411
1.09343,1.09401,1.09304,1.0939,1162
1.09389,1.09453,1.0934700000000002,1.09441,808
1.0944200000000002,1.09504,1.0941,1.0946200000000001,1654
1.09464,1.09648,1.09341,1.09366,5077
1.09364,1.0953,1.0931899999999999,1.09324,6411
1.09325,1.09348,1.09148,1.0919,7452
1.09192,1.09399,1.0914700000000002,1.0935,6317
1.09349,1.0937700000000001,1.09144,1.092,6408
1.09202,1.09293,1.0908200000000001,1.09136,6964
1.09135,1.09153,1.08751,1.08796,12374
1.08794,1.08825,1.08405,1.08518,12375
1.08517,1.09004,1.08439,1.08625,18858
1.08623,1.0881399999999999,1.08444,1.08617,11917
1.08618,1.08738,1.08371,1.08416,8776
1.08418,1.08486,1.08257,1.0826200000000001,6399
1.08264,1.0851600000000001,1.08208,1.0851600000000001,5335
1.08515,1.0858,1.08416,1.0849600000000001,5348
1.0849799999999998,1.0866799999999999,1.0845200000000002,1.08576,1979
1.0858,1.08648,1.0854700000000002,1.08562,110
1.08558,1.0859,1.08501,1.08501,505
1.08503,1.08512,1.0842200000000002,1.08461,1091
1.08459,1.08459,1.08332,1.08426,2078
1.0842399999999999,1.08554,1.08396,1.08536,1532
1.08534,1.08552,1.0848200000000001,1.08544,1318
1.08542,1.08544,1.08396,1.08456,1328
1.08455,1.08486,1.08368,1.08439,1424
1.08438,1.08513,1.08386,1.08475,1433
1.08473,1.08473,1.08238,1.08277,4572
1.0827799999999999,1.08312,1.07876,1.07904,8744
1.07905,1.08066,1.0787200000000001,1.07984,7496
1.07986,1.08143,1.0786799999999999,1.08132,7348
1.08134,1.0816,1.08002,1.08012,5383
1.08012,1.0804,1.07844,1.0789,6315
1.07892,1.08064,1.07754,1.07764,12676
1.07766,1.07982,1.07754,1.0789,9584
1.0788799999999998,1.0806,1.0772899999999999,1.0797700000000001,8918
1.07976,1.0809600000000001,1.07815,1.07978,7470
1.0798,1.07982,1.07784,1.0787200000000001,6438
1.07874,1.0801,1.0782399999999999,1.07984,4458
1.07985,1.08162,1.0796299999999999,1.08107,3837
1.0810600000000001,1.08283,1.08083,1.08094,3865
1.0809600000000001,1.08181,1.08028,1.08056,1713
1.08124,1.08202,1.08102,1.08132,254
1.0811600000000001,1.0822200000000002,1.08031,1.0818,1874
1.08182,1.08192,1.0804200000000002,1.08056,2143
1.08054,1.08236,1.0799,1.08146,3804
1.08144,1.0821399999999999,1.08132,1.0817299999999999,2050
1.08174,1.08186,1.0805799999999999,1.0812,1420
1.08122,1.08219,1.0810899999999999,1.08148,1352
1.0815,1.0823399999999999,1.08104,1.08148,1450
1.0815,1.08355,1.08122,1.08264,2776
1.0826200000000001,1.0826200000000001,1.0808799999999998,1.08099,4691
1.081,1.0831,1.0807,1.0817700000000001,6538
1.08176,1.0817700000000001,1.0783200000000002,1.0793,6732
1.07932,1.0812899999999999,1.079,1.0812,5397
1.08121,1.08182,1.07996,1.08006,4371
1.08007,1.08136,1.07886,1.07995,5480
1.0799299999999998,1.08063,1.07795,1.07921,7122
1.0791899999999999,1.08026,1.07684,1.0802399999999999,7590
1.08023,1.08093,1.07778,1.07854,9218
1.0785200000000001,1.08179,1.07828,1.0807,6381
1.0806799999999999,1.08084,1.07938,1.0802,5217
1.0802200000000002,1.0806,1.0788200000000001,1.07997,3616
1.07996,1.0803,1.0795700000000001,1.07962,3050
1.07964,1.07989,1.07828,1.0798,5651
1.07982,1.07998,1.07902,1.0793,1273
1.0793,1.07976,1.07926,1.0794,63
1.07946,1.0796,1.07838,1.0785,1273
1.0785200000000001,1.0802200000000002,1.07846,1.07989,1183
1.0799,1.0802100000000001,1.0790600000000001,1.0794,2139
1.07941,1.08095,1.07911,1.08066,1847
1.08064,1.08099,1.0804200000000002,1.0808,1604
1.0808200000000001,1.08187,1.0807,1.08148,1458
1.08146,1.08302,1.08115,1.0826200000000001,2120
1.08264,1.08407,1.08209,1.08292,2830
1.08292,1.0862100000000001,1.0823200000000002,1.08591,6923
1.08592,1.08786,1.08542,1.08778,9082
1.0877700000000001,1.08781,1.0851899999999999,1.0868200000000001,5967
1.08681,1.0879,1.08575,1.08742,6331
1.08742,1.0893,1.08732,1.0878,6482
1.08778,1.08823,1.08604,1.0877700000000001,6362
1.08776,1.09174,1.0874,1.09051,8941
1.0905200000000002,1.09172,1.08981,1.09152,8876
1.09148,1.09264,1.0881,1.0884,10504
1.08838,1.08979,1.08764,1.0886,7940
1.0886,1.091,1.0883,1.0896299999999999,5858
1.08964,1.09048,1.08892,1.09036,4063
1.0903399999999999,1.0909799999999998,1.0901399999999999,1.09027,4500
1.09026,1.091,1.0901399999999999,1.09048,3181
1.09046,1.09047,1.08892,1.08918,1179
1.08918,1.08975,1.08905,1.0892,266
1.08923,1.08964,1.08912,1.08922,875
1.08924,1.0902100000000001,1.08914,1.08936,1234
1.08934,1.0897,1.08671,1.0867799999999999,3483
1.0868,1.08792,1.08676,1.08712,2206
1.0871,1.08762,1.08644,1.08646,1712
1.08648,1.08676,1.08588,1.08598,1502
1.086,1.08714,1.08598,1.08676,1539
1.08674,1.0888,1.08648,1.08817,2323
1.08816,1.08828,1.08301,1.08572,9542
1.08574,1.08656,1.08453,1.08608,8130
1.08606,1.08625,1.0845799999999999,1.0853,5105
1.08532,1.0874,1.08531,1.08635,5706
1.08636,1.08795,1.08608,1.0871600000000001,4358
1.08715,1.08768,1.08572,1.08685,5716
1.08684,1.08848,1.08666,1.08728,5806
1.0872700000000002,1.08884,1.08695,1.08805,6925
1.08806,1.0886799999999999,1.08532,1.0863399999999999,8162
1.08636,1.0883200000000002,1.08592,1.0864,7977
1.08639,1.08661,1.0851,1.08638,5514
1.08636,1.0867,1.08606,1.08656,2979
1.0865799999999999,1.0872899999999999,1.0861,1.0862,3434
1.08622,1.0866799999999999,1.0851899999999999,1.08532,2754
1.08532,1.08574,1.08503,1.0857,857
1.0857,1.0862,1.0855,1.08568,81
1.08574,1.0861100000000001,1.08542,1.08591,567
1.08592,1.0862,1.08574,1.08602,688
1.086,1.08804,1.08582,1.08718,2176
1.0871600000000001,1.0877299999999999,1.08561,1.08591,2769
1.08592,1.08622,1.08536,1.08618,1820
1.08617,1.0869799999999998,1.08568,1.08666,1523
1.0866799999999999,1.08712,1.08625,1.0865200000000002,1261
1.08653,1.08666,1.0855,1.08556,1410
1.08556,1.08607,1.0841,1.086,5749
1.08602,1.08822,1.0858,1.0875700000000001,6753
1.08759,1.08786,1.08676,1.08692,5212
1.08694,1.0887799999999999,1.08661,1.08865,4756
1.08864,1.08895,1.08556,1.086,5729
1.0860100000000001,1.08649,1.0849799999999998,1.08582,5315
1.0858,1.09102,1.08578,1.09041,9016
1.0904200000000002,1.09422,1.0895,1.09312,13512
1.09314,1.09456,1.0915,1.0937,11160
1.09369,1.09454,1.09255,1.09303,8724
1.09304,1.0939,1.09229,1.0936,5215
1.09361,1.0951899999999999,1.0930600000000001,1.09448,5642
1.0945,1.09465,1.09202,1.09222,6671
1.09222,1.09369,1.09207,1.09361,4513
1.0936,1.09397,1.09236,1.09293,1744
1.09296,1.09331,1.0922100000000001,1.09287,201
1.0928200000000001,1.09303,1.09241,1.09289,373
1.09294,1.0936,1.0921,1.09233,1223
1.09229,1.09266,1.09198,1.09222,589
1.0922399999999999,1.09286,1.09206,1.09286,307
1.0928200000000001,1.09364,1.09261,1.09349,765
1.09341,1.09446,1.0932600000000001,1.09428,886
1.0942399999999999,1.09428,1.09376,1.09392,1581
1.09386,1.09428,1.09287,1.09412,1684
1.09406,1.09497,1.09392,1.09476,398
1.0947799999999999,1.09523,1.09348,1.09375,813
1.09378,1.09473,1.09374,1.09426,1064
1.09428,1.0948,1.09419,1.09446,571
1.09453,1.09466,1.094,1.09415,391
1.09412,1.09422,1.09362,1.09368,803
1.0937,1.0945,1.0937,1.09436,899
1.0943,1.0949799999999998,1.09417,1.0946,863
1.09454,1.0951600000000001,1.0945,1.09514,337
1.09513,1.0951799999999998,1.09441,1.09487,641
1.0948200000000001,1.0953,1.0947,1.0949200000000001,263
1.0948799999999999,1.09489,1.09332,1.09332,551
1.09336,1.09376,1.09331,1.0935,115
1.09354,1.09395,1.09333,1.09372,139
1.09369,1.09408,1.09315,1.0935700000000002,131
1.0949,1.0949200000000001,1.09359,1.09418,116
1.09422,1.09422,1.0932600000000001,1.09368,1018
1.0936700000000001,1.0937,1.09304,1.0931600000000001,1441
1.09315,1.09382,1.09284,1.093,2191
1.09302,1.09423,1.09274,1.09315,2150
1.09314,1.09314,1.0925,1.0929200000000001,1261
1.0929,1.09353,1.0925799999999999,1.09336,916
1.0933700000000002,1.09388,1.0933700000000002,1.09368,709
1.09366,1.09405,1.09333,1.0933700000000002,666
1.0933700000000002,1.09664,1.0933700000000002,1.09622,3752
1.0962100000000001,1.09679,1.0944200000000002,1.0946799999999999,3572
1.09466,1.0947,1.09274,1.09314,3372
1.09312,1.0939,1.09304,1.09384,1332
1.09386,1.09388,1.09033,1.09143,3728
1.0914,1.09313,1.09094,1.09302,2443
1.09304,1.0931799999999998,1.09171,1.09226,4253
1.09228,1.0923200000000002,1.09051,1.0910799999999998,5462
1.0910600000000001,1.09182,1.08966,1.0900299999999998,4969
1.09002,1.09084,1.0892600000000001,1.09056,4120
1.09054,1.09188,1.09041,1.0917,2862
1.09168,1.0924200000000002,1.0905799999999999,1.0920100000000001,3168
1.09199,1.09238,1.09168,1.09222,2349
1.09223,1.09241,1.0912600000000001,1.09172,2002
1.0917299999999999,1.09175,1.0907,1.09111,911
1.09101,1.09132,1.0906,1.09066,385
1.0907,1.09161,1.09066,1.0915,529
1.09152,1.0926200000000001,1.09148,1.09199,697
1.09198,1.0927799999999999,1.0916700000000001,1.09233,1835
1.0923200000000002,1.09388,1.0917,1.09372,2279
1.0937299999999999,1.0948,1.09366,1.0947200000000001,2355
1.09471,1.0948799999999999,1.09428,1.0947,1169
1.09471,1.09489,1.09414,1.09438,953
1.0944,1.09474,1.09375,1.0939,1463
1.0939,1.0943,1.09243,1.0928799999999999,4817
1.09287,1.0937700000000001,1.09247,1.09317,5359
1.0931799999999998,1.0932899999999999,1.09151,1.0923,4614
1.09228,1.09576,1.0920100000000001,1.09463,5368
1.0946200000000001,1.0950799999999998,1.09376,1.09436,4412
1.09438,1.09659,1.0941299999999998,1.09638,4876
1.0964,1.09761,1.09565,1.0971,8036
1.09712,1.09712,1.09551,1.09606,7673
1.09604,1.0984200000000002,1.09602,1.09697,8885
1.0969799999999998,1.09704,1.09548,1.09702,6400
1.09703,1.09734,1.09615,1.0965,4271
1.09648,1.0984,1.09641,1.09836,3842
1.09835,1.09847,1.0970600000000001,1.0981,4537
1.09808,1.0987200000000001,1.0978700000000001,1.09858,3206
1.0986,1.09866,1.09796,1.0981,1756
1.09806,1.09911,1.0979,1.09822,325
1.09826,1.09895,1.09817,1.09836,509
1.09839,1.0988200000000001,1.09832,1.09832,485
1.0983,1.09873,1.09806,1.0986,939
1.0986200000000002,1.09869,1.09807,1.09866,1002
1.0986799999999999,1.09873,1.09802,1.09814,770
1.09812,1.0982100000000001,1.09743,1.09776,585
1.09778,1.09791,1.09734,1.09754,508
1.09753,1.0976299999999999,1.0963,1.09636,906
1.0963399999999999,1.09686,1.0957,1.09584,3928
1.09586,1.0967799999999999,1.0928799999999999,1.0929799999999998,7037
1.093,1.09396,1.09206,1.09324,6169
1.09323,1.0939,1.0926200000000001,1.09343,5009
1.09345,1.09362,1.0903200000000002,1.0907799999999999,5622
1.0908,1.09194,1.0904,1.09138,4625
